<?xml version="1.0" encoding="UTF-8"?>

<mule xmlns:metadata="http://www.mulesoft.org/schema/mule/metadata" xmlns:http="http://www.mulesoft.org/schema/mule/http"
	xmlns:dw="http://www.mulesoft.org/schema/mule/ee/dw"
	xmlns="http://www.mulesoft.org/schema/mule/core" xmlns:doc="http://www.mulesoft.org/schema/mule/documentation"
	xmlns:spring="http://www.springframework.org/schema/beans" 
	xmlns:xsi="http://www.w3.org/2001/XMLSchema-instance"
	xsi:schemaLocation="http://www.mulesoft.org/schema/mule/http http://www.mulesoft.org/schema/mule/http/current/mule-http.xsd
http://www.mulesoft.org/schema/mule/ee/dw http://www.mulesoft.org/schema/mule/ee/dw/current/dw.xsd
http://www.springframework.org/schema/beans http://www.springframework.org/schema/beans/spring-beans-current.xsd
http://www.mulesoft.org/schema/mule/core http://www.mulesoft.org/schema/mule/core/current/mule.xsd">
    <http:request-config name="AzureMicroService"  port="443"  doc:name="HTTP Request Configuration" protocol="HTTPS" host="test.com"/>
    <http:listener-config name="HTTP_Listener_Configuration" host="0.0.0.0" port="8081" doc:name="HTTP Listener Configuration"/>
  <flow name="UpdateFlipFlopAddress_notworking">
        <http:listener config-ref="HTTP_Listener_Configuration" path="/SaveAddress" allowedMethods="POST" doc:name="HTTP">
            <http:response-builder>
                <http:header headerName="Content-Type" value="application/json"/>
            </http:response-builder>
        </http:listener>
        <logger message="Payload before - #[payload]" level="INFO" doc:name="Payload before transform"/>
        <dw:transform-message doc:name="Transform Message" metadata:id="e65a69f0-a476-423d-9b41-aca0aae77051">
            <dw:input-payload mimeType="application/json" doc:sample="C:\Users\sna\Desktop\ExampleAddress.json"/>
            <dw:set-payload><![CDATA[%dw 1.0
%output application/java
---
payload]]></dw:set-payload>
        </dw:transform-message>
        <logger message="Payload after - #[payload]" level="INFO" doc:name="Logger"/>
        <http:request config-ref="AzureMicroService" path="/api/SavePostcodeChange" method="POST" doc:name="UpdateAddressRestService">
            <http:request-builder>
                <http:query-param paramName="usn" value="#[payload.Usn]"/>
                <http:query-param paramName="postcode" value="#[payload.Postcode]"/>
            </http:request-builder>
        </http:request>
    </flow>    

</mule>
